NUMBER,TYPE,PRODUCT_NAME,STATUS,OPEN_DATE,CLOSE_DATE,REOPEN_DATE,INITIAL_BALANCE,CURRENT_BALANCE,BRANCH_ID,LOAN_RELEASE_DATE,LOAN_AMOUNT,LOAN_INSTALLMENT_AMOUNT,LOAN_MATURITY_DATE,COMMENTS
95803002,LOAN,Loan,ACTIVE,2013-09-04,,,16509,11804,branch,2017-10-20,18902,10858,2012-08-20,Valid
95803003,LOAN,Loan,ACTIVE,2014-12-20,,,12485,13431,branch,2013-01-24,12255,10436,2014-06-09,Valid
95803004,LOAN,Loan,ACTIVE,2012-02-23,,,16391,19945,branch,2012-02-01,13942,19240,2020-07-20,Valid
95803005,LOAN,Loan,ACTIVE,2016-02-10,,,16725,13847,branch,2015-12-05,12318,17736,2017-01-24,Valid
95803006,LOAN,Loan,ACTIVE,2016-01-01,,,19608,10076,branch,2016-05-25,19533,15848,2016-07-07,Valid
95809002,LOAN,Loan,ACTIVE,2014-02-03,,,19077,16089,branch,2020-05-22,17234,18533,2014-01-02,Valid
95809003,LOAN,Loan,ACTIVE,2013-06-05,,,18454,19447,branch,2019-02-19,11965,11012,2017-07-04,Valid
95809004,LOAN,Loan,ACTIVE,2014-09-23,,,14593,19811,branch,2013-04-09,14962,15002,2012-09-02,Valid
95809005,LOAN,Loan,ACTIVE,2017-12-30,,,17886,11213,branch,2012-04-28,14989,19183,2017-09-21,Valid
95809006,LOAN,Loan,ACTIVE,2012-12-29,,,14587,12452,branch,2013-10-06,12673,17884,2018-12-07,Valid
