OWNER_TYPE,OWNER_ID,TYPE,IS_PRIMARY_FOR_TYPE,ADDRESS,CITY,ZIPCODE,COUNTRY,COMMENTS,ADDRESS_ID,STATE,ACCOUNT_NUMBER
INDIVIDUAL,95801002,WORK,FALSE,100 Bell Street,Skamokawa,93404,US,None,3826,Florida,95803002
INDIVIDUAL,95801003,WORK,FALSE,100 Bell Street,Lesterville,90916,US,None,4405,Connecticut,95803003
INDIVIDUAL,95801004,WORK,TRUE,100 Bell Street,Annsville,90443,US,None,4468,Delaware,95803004
INDIVIDUAL,95801005,WORK,TRUE,100 Bell Street,Brea,98730,US,None,4064,Maryland,95803005
INDIVIDUAL,95801006,WORK,TRUE,100 Bell Street,Crosbyton,90175,US,None,2123,Connecticut,95803006
BUSINESS,95806002,WORK,FALSE,100 Bell Street,Newdale,99616,US,None,7961,Mississippi,95809002
BUSINESS,95806003,WORK,FALSE,100 Bell Street,Hahntown,95943,US,None,5537,Hawaii,95809003
BUSINESS,95806004,WORK,TRUE,100 Bell Street,Sharonville,90387,US,None,7160,Oregon,95809004
BUSINESS,95806005,WORK,FALSE,100 Bell Street,French Village,92327,US,None,6225,Vermont,95809005
BUSINESS,95806006,WORK,TRUE,100 Bell Street,Chatom,92449,US,None,8062,California,95809006
