BUSINESS_ID,IS_CUSTOMER,CUSTOMER_SINCE,CLOSE_DATE,NAME,DBA_NAME,INDUSTRY_CODE_TYPE,INDUSTRY_CODE,FORMATION_DATE,FORMATION_COUNTRY,WEBSITE_URL,TIN_TYPE,TIN,EXEMPT_CDD,EXEMPT_SANCTIONS,OPERATION_COUNTRY,BUSINESS TYPE,TRANSACTIONAL_COUNTRIES,SUBPOENA,314B,NEGATIVE_NEWS,OFAC,CHANNEL_OF_ACCOUNT_OPENING,SERVICE_TYPE,CLIENT_SEGMENT,COLLATERAL_TYPE,COMMENTS,TEAM_CODE
95806002,TRUE,2000-10-17 12:31:26,,Blacklock,Zina,NAICS,721,2000-10-17 12:31:26,SE,www.website.com,EIN,383645301,TRUE,FALSE,IR;IN,NOT PROVIDED,CA,FALSE,FALSE,FALSE,TRUE,BRANCH,MONEY TRANSFER,Private Banking,STOCKS;BONDS;MIXED USE,Valid,YOLO
95806003,TRUE,2000-10-17 12:31:26,,Mickley,Arnetta,NAICS,7131,2000-10-17 12:31:26,UA,www.website.com,EIN,387699624,TRUE,TRUE,IR;IN,MONEY SERVICES BUSINESSES,CA,TRUE,TRUE,TRUE,FALSE,ONLINE,CHECKING;MONEY TRANSFER,Wealth Management,BONDS,Valid,IND-67
95806004,TRUE,2000-10-17 12:31:26,,Ballestas,Judi,NAICS,5523,2000-10-17 12:31:26,UA,www.website.com,EIN,377136923,TRUE,TRUE,US;CA;IR,EMBASSY AND CONSULATE,CA,FALSE,FALSE,FALSE,TRUE,ONLINE,ONLINE BANKING,Private Banking,MIXED USE,Valid,YOLO
95806005,TRUE,2000-10-17 12:31:26,,Bensen,Lizabeth,NAICS,7131,2000-10-17 12:31:26,UN,www.website.com,EIN,330235193,TRUE,FALSE,IN,NOT PROVIDED,IR;IN,TRUE,FALSE,FALSE,FALSE,ONLINE,MONEY TRANSFER,Private Banking,STOCKS;BONDS;MIXED USE,Valid,IND-67
95806006,TRUE,2000-10-17 12:31:26,,Lamon,Adina,NAICS,5523,2000-10-17 12:31:26,IT,www.website.com,EIN,395017999,FALSE,FALSE,US,EMBASSY AND CONSULATE,IR;IN,FALSE,TRUE,FALSE,TRUE,BRANCH,CHECKING;MONEY TRANSFER,Private Banking,STOCKS;BONDS;MIXED USE,Valid,SQUAD-2
