TRANSACTION_ID,CHECK_NUMBER,CHECK_AMOUNT,CURRENCY,CHECK_DATE,CHECK_STATUS,MEMO,DIRECTION,MICR_NUMBER,PAYEE_NAME,PAYEE_ACCOUNT_NUMBER,PAYEE_ROUTING_NUMBER,PAYEE_BRANCH_ID,PAYOR_NAME,PAYOR_ACCOUNT_NUMBER,PAYOR_ROUTING_NUMBER,PAYOR_BRANCH_ID,COMMENTS
95803002,8129,905,USD,2021-06-24 09:15:11,CLEARED,Friends,DEPOSIT,25710,Marquis,52583,54414,23355,In,39327,15144,26934,None
95803003,2222,999,USD,2021-06-24 09:15:11,CLEARED,Friends,DEPOSIT,21425,Deshawn,82836,78927,11918,Louann,27339,45505,17943,None
95803004,5559,433,USD,2021-06-24 09:15:11,CLEARED,Friends,DEPOSIT,69030,Domingo,24828,78995,64236,Dedra,46680,38180,43873,None
95803005,1674,198,USD,2021-06-24 09:15:11,CLEARED,Friends,DEPOSIT,77938,Samual,33471,38437,86104,Elizebeth,46509,80223,82066,None
95803006,8060,253,USD,2021-06-24 09:15:11,CLEARED,Friends,DEPOSIT,69971,Jeremy,54866,54021,71138,Wai,51775,30709,27350,None
95809002,3937,651,USD,2021-06-24 09:15:11,CLEARED,Friends,DEPOSIT,10854,Venice,41180,48180,60962,Meghan,50484,31891,25269,None
95809003,3331,149,USD,2021-06-24 09:15:11,CLEARED,Friends,DEPOSIT,811,Destiny,60689,51363,71028,Magaret,75308,42476,24090,None
95809004,2342,588,USD,2021-06-24 09:15:11,CLEARED,Friends,DEPOSIT,370,Nicol,88765,60628,5588,Leda,79986,44276,25060,None
95809005,5367,871,USD,2021-06-24 09:15:11,CLEARED,Friends,DEPOSIT,42952,Myra,41079,21651,86831,Rosita,64146,26482,51806,None
95809006,1204,995,USD,2021-06-24 09:15:11,CLEARED,Friends,DEPOSIT,28539,Delora,58442,72516,36367,Ina,86305,47550,33803,None
