EMAIL_ID,OWNER_TYPE,OWNER_ID,EMAIL,IS_PRIMARY
80812,INDIVIDUAL,95801002,crutchedmacadam@me.com,FALSE
83367,INDIVIDUAL,95801003,promptnapoleon@gmx.com,FALSE
89951,INDIVIDUAL,95801004,mattedelta@msn.com,TRUE
81195,INDIVIDUAL,95801005,bluffkaitlyn@yahoo.co.uk,FALSE
86886,INDIVIDUAL,95801006,fooljin@me.com,TRUE
91937,BUSINESS,95806002,unbarbedkecker@email.com,TRUE
93068,BUSINESS,95806003,farmcharrs@mac.com,FALSE
92382,BUSINESS,95806004,okenorbert@verizon.net,FALSE
95464,BUSINESS,95806005,nopetabling@live.com,FALSE
96515,BUSINESS,95806006,tankedaparo@msn.com,FALSE
