SUBJECT_ID,ALLOW_XCEED_TO_OVERRIDE_RISK_LEVEL,EXTERNAL_RISK_LEVEL,ALLOW_XCEED_TO_OVERRIDE_RISK_SCORE,EXTERNAL_RISK_SCORE,EXTERNAL_RISK_UPDATED_ON,EXTERNAL_NEXT_REVIEW_DATE,EXTERNAL_REVIEW_CYCLE,EXTERNAL_RISK_FACTORS
95801002,FALSE,MEDIUM,TRUE,95,2024-02-15 14:30:00,2024-04-24 12:30:56,30-D,Geographic Risk;PEP indicator Risk
95801003,FALSE,HIGH,FALSE,82,2024-02-15 14:30:00,2024-04-24 12:30:56,6-M,Occupation Risk
95801004,FALSE,HIGH,FALSE,751,2024-02-15 14:30:00,2024-04-24 12:30:56,2-W,Product Risk; CTR Exemption indicator; High-Risk Entities Risk indicator
95801005,TRUE,MEDIUM,TRUE,388,2024-02-15 14:30:00,2024-04-24 12:30:56,2-W,Product Risk; CTR Exemption indicator; High-Risk Entities Risk indicator
95801006,TRUE,MEDIUM,TRUE,183,2024-02-15 14:30:00,2024-04-24 12:30:56,56-D,Country Risk; Citizenship Risk
95806002,TRUE,MEDIUM,FALSE,911,2024-02-15 14:30:00,2024-10-08 17:08:06,4-Y,Geographic Risk;PEP indicator Risk
95806003,TRUE,LOW,FALSE,864,2024-02-15 14:30:00,2024-10-08 17:08:06,4-Y,Product Risk; CTR Exemption indicator; High-Risk Entities Risk indicator
95806004,TRUE,LOW,FALSE,324,2024-02-15 14:30:00,2024-10-08 17:08:06,67-D,Country Risk
95806005,FALSE,MEDIUM,FALSE,45,2024-02-15 14:30:00,2024-10-08 17:08:06,2-W,Country Risk; Citizenship Risk
95806006,FALSE,HIGH,TRUE,188,2024-02-15 14:30:00,2024-10-08 17:08:06,67-D,Country Risk; Citizenship Risk
