DOCUMENT_ID,OWNER_TYPE,OWNER_ID,EXPIRATION_DATE,TYPE,TYPE_DESCRIPTION,NUMBER,ISSUING_STATE,ISSUING_COUNTRY,COMMENTS
213051,INDIVIDUAL,95801002,2027-12-24,DRIVERS_LICENSE_OR_STATE_ID,valid,2897,WASHINGTON,US,None
213689,INDIVIDUAL,95801003,2026-08-13,PASSPORT,valid,2950,WASHINGTON,US,None
293329,INDIVIDUAL,95801004,2029-02-19,PASSPORT,valid,2812,WASHINGTON,US,None
200871,INDIVIDUAL,95801005,2028-06-22,DRIVERS_LICENSE_OR_STATE_ID,valid,2074,WASHINGTON,US,None
297675,INDIVIDUAL,95801006,2026-06-22,PASSPORT,valid,2253,WASHINGTON,US,None
668747,BUSINESS,95806002,2029-02-01,DRIVERS_LICENSE_OR_STATE_ID,valid,31398,WASHINGTON,US,None
678545,BUSINESS,95806003,2027-01-14,DRIVERS_LICENSE_OR_STATE_ID,valid,12784,WASHINGTON,US,None
446687,BUSINESS,95806004,2029-06-02,PASSPORT,valid,86514,WASHINGTON,US,None
682524,BUSINESS,95806005,2026-03-29,PASSPORT,valid,77381,WASHINGTON,US,None
541032,BUSINESS,95806006,2028-10-24,DRIVERS_LICENSE_OR_STATE_ID,valid,88213,WASHINGTON,US,None
