INDIVIDUAL_ID,IS_CUSTOMER,CUSTOMER_SINCE,CLOSE_DATE,FIRST_NAME,MIDDLE_NAME,LAST_NAME,NAME_SUFFIX,ALTERNATE_NAMES,GENDER,EMPLOYER,INTERNAL_EMPLOYEE,OCCUPATION,MARITAL_STATUS,GROSS_ANNUAL_INCOME,NATIONALITY,BIRTH_DATE,TIN_TYPE,TIN,EXEMPT_CDD,EXEMPT_SANCTIONS,RESIDENCY,TRANSACTIONAL_COUNTRIES,PEP,SUBPOENA,314B,NEGATIVE_NEWS,OFAC,CHANNEL_OF_ACCOUNT_OPENING,SERVICE_TYPE,CLIENT_SEGMENT,COLLATERAL_TYPE,COMMENTS,SIC_CODE,SOC_CODE,CITIZENSHIP,TEAM_CODE
95801002,TRUE,2000-10-17 12:31:26,,Nathanael,Ayana,Lueckenotte,,,MALE,BANK_B,TRUE,Medical Scientist,DIVORCED,,PK,2000-10-17 12:31:26,EIN,161878959,TRUE,TRUE,OM,IR;IN,FALSE,TRUE,TRUE,TRUE,TRUE,BRANCH;ONLINE,MONEY TRANSFER,Private Banking,BONDS,Valid,5583,11-1234,SE,OS007
95801003,TRUE,2000-10-17 12:31:26,,Darell,Margarita,Zwolensky,,,FEMALE,BANK_A,TRUE,Medical Scientist,WIDOWED,,CA,2000-10-17 12:31:26,EIN,1989375164,TRUE,TRUE,MH,CA,FALSE,TRUE,TRUE,TRUE,TRUE,BRANCH;ONLINE,CHECKING;MONEY TRANSFER;ONLINE BANKING,Private Banking,MIXED USE,Valid,4604,11-1234,RO,72-AR
95801004,TRUE,2000-10-17 12:31:26,,Sterling,Tiffany,Schlichting,,,MALE,BANK_A,TRUE,Mechanical Engineer,OTHER,,MP,2000-10-17 12:31:26,EIN,599708810,FALSE,FALSE,ZW,IR;IN,TRUE,TRUE,TRUE,FALSE,TRUE,BRANCH;ONLINE,CHECKING;MONEY TRANSFER,Wealth Management,BONDS,Valid,2236,11-1234,QA,SQUAD-2
95801005,TRUE,2000-10-17 12:31:26,,Dewayne,Renita,Kropff,,,FEMALE,BANK_B,TRUE,Medical Scientist,DIVORCED,,QA,2000-10-17 12:31:26,EIN,291954642,TRUE,TRUE,AE,IN,FALSE,FALSE,TRUE,TRUE,TRUE,ONLINE,CHECKING;MONEY TRANSFER,Top Core,BONDS,Valid,6308,11-1234,QA,OS007
95801006,TRUE,2000-10-17 12:31:26,,Jorge,Jeane,Cother,,,MALE,BANK_B,FALSE,Mechanical Engineer,SEPARATED,,AF,2000-10-17 12:31:26,EIN,439264885,FALSE,FALSE,UA,IR;IN,TRUE,FALSE,TRUE,FALSE,TRUE,BRANCH;ONLINE,MONEY TRANSFER,Top Core,STOCKS;BONDS;MIXED USE,Valid,2740,11-1234,MP,SQUAD-2
