OWNER_TYPE,OWNER_ID,TYPE,IS_PRIMARY_FOR_TYPE,NUMBER,COMMENTS,PHONE_ID,EXTENSION
INDIVIDUAL,95801002,HOME,FALSE,240407048,valid number,761,63
INDIVIDUAL,95801003,WORK,TRUE,579816331,valid number,605,69
INDIVIDUAL,95801004,HOME,TRUE,644816034,valid number,618,23
INDIVIDUAL,95801005,WORK,TRUE,326368994,valid number,675,48
INDIVIDUAL,95801006,WORK,FALSE,690126287,valid number,817,88
BUSINESS,95806002,WORK,FALSE,537112933,valid number,634,13
BUSINESS,95806003,WORK,FALSE,838674581,valid number,870,92
BUSINESS,95806004,WORK,FALSE,191756567,valid number,858,15
BUSINESS,95806005,HOME,FALSE,651212302,valid number,744,51
BUSINESS,95806006,HOME,TRUE,715061313,valid number,579,25
