TRANSACTION_ID,TYPE,BUSINESS_DAY,DATE,TIME,AMOUNT,BALANCE,SUBJECT_ACCOUNT_NUMBER,COUNTERPARTY_ACCOUNT_NUMBER,COUNTERPARTY_INSTITUTION,COUNTERPARTY_TYPE,COUNTERPARTY_ID,CONDUCTOR_NAME,CONDUCTOR_ID,COUNTERPARTY_COUNTRY,BRANCH_ID,CHANNEL,CURRENCY,COMMENTS,OPERATION,COUNTERPARTY_NAME,COUNTERPARTY_ROUTING_NUMBER,SUBJECT_COUNTRY,MCC_CODE,MERCHANT_STATE_CODE
95803002,MISC_CREDIT,2021-03-01,2021-07-19,12:31:26,50977,7544,95803002,82947,Universal Bank,,306,Yolande Vincenzo,27,US,3547,ATM,USD,None,DEBIT,Doloris,36189,US,65073,NY
95803003,LOAN_CREDIT,2020-08-02,2021-07-17,12:31:26,44009,6345,95803003,89069,Universal Bank,,352,Kelley Congdon,26,US,3650,ATM,USD,None,CREDIT,Dagmar,65629,US,58621,NY
95803004,MISC_DEPOSIT,2020-08-09,2021-07-16,12:31:26,41114,7568,95803004,90472,Universal Bank,,351,Rosalina Vanslyke,24,US,1550,ATM,USD,None,CREDIT,Selina,70882,US,61195,NY
95803005,CASH,2020-11-29,2021-07-18,12:31:26,43965,7336,95803005,93302,Universal Bank,,390,Marcela Czekaj,29,US,3550,ATM,USD,None,DEBIT,Francesca,75551,US,69499,NY
95803006,DEBIT_CARD,2020-08-08,2021-07-16,12:31:26,43509,6079,95803006,83816,Universal Bank,,391,Colin Robeza,27,US,3237,ATM,USD,None,CREDIT,Qiana,76010,US,59037,NY
95809002,MONETARY_INSTRUMENT,2020-10-19,2021-07-18,12:31:26,59816,5159,95809002,82422,Universal Bank,,356,Marie Pac,25,US,8875,ATM,USD,None,CREDIT,Mariann,22022,US,81029,NY
95809003,HOLD,2020-08-21,2021-07-16,12:31:26,40656,9378,95809003,92306,Universal Bank,,396,Evonne Poledore,29,US,7013,ATM,USD,None,CREDIT,Nelle,78636,US,14089,NY
95809004,LOAN_ADVANCE,2020-09-01,2021-07-16,12:31:26,44623,6109,95809004,85814,Universal Bank,,340,Catharine Heng,24,US,8813,ATM,USD,None,DEBIT,Zoraida,34266,US,54764,NY
95809005,HOLD,2020-11-24,2021-07-19,12:31:26,44295,5878,95809005,82436,Universal Bank,,338,Hedy Gammons,23,US,7255,ATM,USD,None,DEBIT,Dovie,70057,US,38937,NY
95809006,LOAN_DEFAULT,2020-11-29,2021-07-17,12:31:26,47848,8752,95809006,89723,Universal Bank,,333,Ricardo Hinkston,20,US,5733,ATM,USD,None,DEBIT,Kimberlie,83869,US,24043,NY
